"gene_id","baseMean","log2FoldChange","lfcSE","stat","pvalue","padj"
"LOC101078238",9.35554945523803,6.23092962859449,1.79748929701266,3.46646271493799,0.00052735487014016,0.00799472261514922
"LOC101076343",22.9336538515031,4.62946005897099,1.11507088322759,4.15171818097426,3.29988462567311e-05,0.00096500544266277
"LOC115247664",882.324503049153,4.56113648950768,0.469042690068188,9.72435257192602,2.37410837749406e-22,4.52821604534033e-19
"LOC101063513",23.0762439241266,4.48541927026879,0.975264251342885,4.59918351779286,4.24150019020095e-06,0.000183399476738009
"LOC101072320",11.6813423517466,4.33390264846131,1.322783320169,3.27635114714602,0.00105157727954304,0.0133713893189895
"LOC101067963",1341.16047940927,4.25046953775586,0.276922144085606,15.3489694794574,3.59857408197811e-53,3.59055690153872e-49
"thbs1",1087.3326050612,4.06733795161865,0.341548140427529,11.9085349038276,1.06837963902232e-32,6.11326829448571e-29
"LOC101074542",4390.3490491787,4.03465896810962,0.263029335605588,15.3391976557306,4.18333554880428e-53,3.59055690153872e-49
"LOC101063073",152.156112867773,3.9994413470472,0.533300575371532,7.49941314850622,6.41041800687772e-14,3.22969969126521e-11
"LOC115250540",47.9801845363394,3.9839928486277,0.899297279056324,4.43011776129057,9.41816440340223e-06,0.000349939848806932
"nos1",518.112541822125,3.94931028148378,0.402311736876612,9.81654254520302,9.55650567496857e-23,2.05058720520638e-19
"dio3a",96.947300201625,3.84328033247502,0.652770860156033,5.88764077421648,3.91747450670209e-09,6.10634844234018e-07
"LOC101061291",577.737305578318,3.74450208600048,0.476623305742079,7.85631344688543,3.95604352264858e-15,2.42533725392091e-12
"LOC115250465",14.4215275736983,3.51194052481289,1.16682030428211,3.00983837179078,0.00261386744926852,0.026102180706308
"LOC101063859",132.141764458963,3.446120104935,0.615118648082087,5.60236649576444,2.11444883198983e-08,2.48607045547516e-06
"LOC101078464",67.3488346458582,3.41205816608897,0.906810830153965,3.76270116393476,0.000168088007286641,0.00343091407025266
"LOC101062446",331.412099860108,3.40046202895154,1.22049482234926,2.78613392427687,0.00533408289629499,0.0430690813724364
"slc12a3",138.227294243233,3.27763299040911,0.651140228696234,5.03368221768735,4.81147030547681e-07,3.29058562804043e-05
"LOC101076192",290.602145560532,3.22719560990166,0.397709673079911,8.11445088803065,4.87986335944105e-16,3.80762429218932e-13
"LOC100049644",75.2206722168503,3.14493272766196,0.633387778012903,4.96525641452761,6.86103587988477e-07,4.28654341581527e-05
"acod1",84.2397172722332,3.13532722184036,0.504083068245378,6.21986220000181,4.9759169516757e-10,1.08122266319576e-07
"LOC101061913",29.6415566616135,3.09431119437163,0.78496108102591,3.94199313719796,8.08072892945346e-05,0.00197597995445866
"LOC101070123",308.074795273906,3.05614447935031,0.495278128610811,6.17056216054278,6.80476161104243e-10,1.40735587729102e-07
"LOC101063641",122.018763248947,3.03841173847433,0.520447538802386,5.83807494885285,5.28074030207867e-09,7.55409900212353e-07
"gck",550.429754543968,3.02032629610305,0.348693573389452,8.66183528059945,4.64228832564042e-18,4.98059508737146e-15
"LOC101079131",25.8788172278374,2.99810587083359,0.773915371686534,3.87394536989238,0.000107087428080404,0.00244449839152688
"LOC115248475",60.1666546982409,2.95379113739317,0.619546278013979,4.76766827953815,1.8637031088985e-06,9.4095081080446e-05
"LOC101079420",42.1257332526635,2.9453994682355,0.626757539250649,4.69942407355326,2.60896194818977e-06,0.000125449414012957
"LOC101072347",267.142097420086,2.81092015288412,0.393241990157679,7.14806715263804,8.80082597511388e-13,3.29629402511452e-10
"LOC101075936",15.0851822241083,2.80926543332508,0.92556883067598,3.03517722314975,0.00240394383840011,0.0245339476397005
"LOC101068490",1059.99661948708,2.71903087410499,0.8504396470622,3.19720615507255,0.00138765713103316,0.0164620057438253
"LOC101080232",28.8466573306805,2.68357047461825,0.724777501219331,3.70261282959742,0.000213390407758823,0.00408571530627273
"tdo2",101.784714719905,2.63616832753801,0.682582987069393,3.86204809887828,0.000112440421613566,0.00252968843698359
"LOC115247550",27.0437964810226,2.63050815702366,0.844183086704155,3.11603987150897,0.00183297487152513,0.0202476490634495
"LOC101072013",506.089668410301,2.61913924445676,0.363743975963028,7.20050204961464,5.99912557504862e-13,2.39490673537871e-10
"LOC101077345",305.205479276175,2.60159570024779,0.54002357399902,4.81755950204594,1.45324760946233e-06,7.82020328026029e-05
"gal3st3",15.9140056243594,2.5985490704875,0.953089968641513,2.72644677416062,0.00640202770035555,0.0484555588643313
"ccl19",2916.00773517187,2.58209765481108,0.454209745196738,5.68481341960785,1.30955551078006e-08,1.64512237518841e-06
"LOC105418290",124.77238407606,2.54368726105544,0.416965341247065,6.10047648911958,1.05752737189817e-09,1.99489174351692e-07
"LOC115253391",39.1677332870759,2.51844386521576,0.593208054475637,4.24546471716728,2.18140834389044e-05,0.000692163690041096
"LOC101064717",262.600746826822,2.51796281992509,0.418837924391084,6.01178325383443,1.83493552494734e-09,3.24726837332433e-07
"LOC101063432",719.554474531889,2.50616665106965,0.342441204079904,7.31853124335139,2.50699657862134e-13,1.07587758171535e-10
"LOC105416830",31.8409913904171,2.50228528892825,0.898663715785238,2.784451230171,0.00536183838180395,0.0431916084758548
"LOC115246449",22.2704109611099,2.48713419613043,0.81747305702963,3.04246626202909,0.00234648119480992,0.0241484989149323
"LOC105418188",44.7408459099131,2.47064274840133,0.646917998243076,3.81909725051891,0.000133940953423315,0.00287403800808079
"LOC101070105",86.9529449981603,2.42503033665882,0.649718750211438,3.73243089547537,0.000189640732835223,0.00375475527087593
"LOC101067668",341.16808604716,2.41786962235777,0.341439875751057,7.08139205193664,1.42713516361564e-12,5.10379212888043e-10
"odc1",1625.52149353253,2.41463000662815,0.204506540014769,11.8071040977652,3.58704140891112e-32,1.53937882063421e-28
"LOC115246787",148.777156140207,2.38537796930504,0.401726123798362,5.93782138624953,2.88834461189726e-09,4.72203081979318e-07
"gria2",110.465118234173,2.38071207127984,0.652289419188728,3.64977876575217,0.000262466264726385,0.00477783234389514
"slc16a4",280.104168117007,2.37539987227316,0.523762436540558,4.53526199389677,5.75320235776105e-06,0.00023683326540366
"LOC105418900",72.0743711840617,2.36704324218341,0.696208491708116,3.39990573280136,0.000674090884285215,0.00971573813571788
"LOC101074733",245.230526210962,2.3644256845607,0.297874894227363,7.93764674493169,2.06053193330497e-15,1.31004041359678e-12
"LOC101067097",1246.27426942784,2.33811047275792,0.291731197094754,8.01460555484748,1.10491034202703e-15,7.2949580504754e-13
"abcc2",1398.15688787276,2.33332256514309,0.401058998219429,5.81790353913583,5.95902711057833e-09,8.31647637237298e-07
"LOC105417375",748.549157856623,2.32936519600983,0.437600925414891,5.32303535190505,1.02049902952962e-07,9.36785365823821e-06
"il1r2",45.4531174360696,2.29730574788002,0.644031519064284,3.56707036826052,0.000360994565237754,0.00604148842599086
"LOC101067017",253.378378941158,2.27504977997113,0.383064961530613,5.93907041479523,2.86642738507154e-09,4.72203081979318e-07
"LOC105416730",123.632845894989,2.27169829375753,0.807834447685345,2.81208396134448,0.00492216531106079,0.0407003322397252
"LOC101070872",33.0803652718199,2.26889258541042,0.652010847701724,3.47983870729766,0.000501715733734147,0.00767598242894864
"dnajc22",83.1791234406837,2.21602035320355,0.563226788986832,3.93450808188629,8.33672637336887e-05,0.00202702896494688
"znfx1",945.586268162174,2.20963822430527,0.396983838985862,5.56606593847757,2.60554682274679e-08,2.90433875060204e-06
"LOC101071556",193.684613444088,2.1976051247079,0.647117760937336,3.39598950510138,0.000683809814226715,0.00983105466584237
"higd1a",1477.89015559954,2.19148652530216,0.226410242352436,9.67927290979546,3.69333207998928e-22,6.21848310987968e-19
"LOC105416891",26.9443389159274,2.18907049889668,0.720509036586264,3.0382276803472,0.00237974081149748,0.0244030052390477
"LOC115251387",41.2297607030774,2.18709113230639,0.583365708386224,3.74909100906288,0.000177476676629892,0.00357578008336704
"serping1",51.2866496502496,2.18282644549785,0.601148721103121,3.63109222205832,0.000282224306196053,0.0050517856518889
"trh",71.3431979204258,2.16886934585652,0.65185143244925,3.32724488723952,0.000877092579447576,0.0117995072247626
"mmp9",8266.7341788403,2.13017586933336,0.362347558138089,5.87881944142027,4.13202780458467e-09,6.15918020434508e-07
"LOC101070381",130.642456072529,2.12865061925674,0.3555344859926,5.98718465612093,2.13504344535617e-09,3.66501557829841e-07
"ppp1r16a",243.369562798991,2.09693900060813,0.458618992020333,4.57228993367804,4.82422776456679e-06,0.000204889495277387
"dennd4a",550.20663716032,2.0702606131506,0.382858312048452,5.40738061052883,6.39531450814465e-08,6.38267260737274e-06
"LOC101069108",571.89574804285,2.06795583165055,0.32750869753099,6.31420126317372,2.71560341193844e-10,6.38576002319661e-08
"LOC101071672",32.0090856038755,2.05883002625843,0.661728862227828,3.11128944765537,0.00186272258116491,0.0205102603131988
"LOC101075877",52.8505822804914,2.05727494720471,0.542233544934055,3.79407538767249,0.00014819464688933,0.00310611637179761
"LOC115248883",234.961547729584,2.05518226098815,0.629874101355125,3.26284610935198,0.00110299396583673,0.0139016111729466
"rasef",113.531421032862,2.05187192790668,0.535069467051928,3.83477670518537,0.000125678416964879,0.00275881803787611
"sgk1",2855.34201331471,2.04585115379201,0.348074811831466,5.87761907570199,4.16209311257153e-09,6.15918020434508e-07
"ntrk2",127.36188966051,2.04083674787586,0.529461929658787,3.85454861540485,0.000115943343726411,0.00259489366154834
"LOC101071780",127.825593580254,2.02523024845577,0.723637889397528,2.79867911579629,0.00513121016142191,0.0418079254315254
"LOC115251051",1462.62878479079,2.02367612159783,0.209644996429757,9.65287107281798,4.77983936570111e-22,6.83756021263544e-19
"dhrs12",263.633592858416,1.99948522219745,0.293163550550466,6.82037456035401,9.08034453406614e-12,2.59788657119632e-09
"LOC101075037",275.341171804407,1.99238696314379,0.471993998269499,4.22121249517705,2.42991735779735e-05,0.000759780717011827
"pea15",61.7406542519006,1.98893339592179,0.52929718339823,3.75768747370296,0.00017149087747103,0.00348436828686178
"mst1r",1387.37419506783,1.97182004773965,0.332598938321866,5.92852177366683,3.05673886431826e-09,4.9039233032605e-07
"LOC101067538",218.967707033816,1.96064062341869,0.316063227695471,6.20331772764079,5.52850638366007e-10,1.17163383434455e-07
"LOC101062769",1461.80926445717,1.95868234664723,0.361446825974931,5.41900552415719,5.99314660114447e-08,6.05166791501446e-06
"LOC101074895",319.008839135356,1.95568868816509,0.442882975474413,4.41581364935099,1.00630749887749e-05,0.000372290399261442
"wnt9b",213.166940318232,1.95381576265065,0.372904020035597,5.23946017654661,1.61046993739047e-07,1.39622863359822e-05
"LOC101062620",555.552529272782,1.95084745348374,0.561403533142906,3.47494687566769,0.000510954528798869,0.00778956078273657
"acsl4",1297.20429863735,1.95057396788413,0.331766357573251,5.8793603491079,4.11854898885666e-09,6.15918020434508e-07
"LOC115246786",210.658451774484,1.94611733235884,0.429839793331687,4.5275411038017,5.96739962056667e-06,0.000243896147349161
"LOC101078530",150.110007092635,1.94398925263599,0.330379356793471,5.88411234740442,4.00195938820977e-09,6.10634844234018e-07
"LOC100653420",3393.30135695826,1.9265215701055,0.324815484370313,5.9311260170994,3.00864182477888e-09,4.87229675133531e-07
"LOC101067147",40.3164160950708,1.91784167116846,0.66765774225635,2.87249222136945,0.00407248104613785,0.0357463340145062
"LOC101065066",1580.99105055801,1.90346720500261,0.350798983142076,5.42609099933364,5.76016000601777e-08,5.88564920614887e-06
"LOC115246460",179.886186853167,1.88954474989297,0.42293496578771,4.46769575169488,7.90666494164451e-06,0.000305688762135743
"serpine1",312.982344821369,1.8805774507721,0.457119778669837,4.11397086392619,3.88910544471202e-05,0.00109227453548297
"fam126b",1029.95219499438,1.87229624067012,0.359435813918028,5.20898632849401,1.89875101951695e-07,1.58223106801107e-05
"LOC101078637",2315.77755563217,1.8640522228517,0.242444424037456,7.68857535186588,1.48782383891712e-14,8.51332800628375e-12
"LOC101078561",271.696500484919,1.85631142830182,0.435566963363399,4.26182788053436,2.02761587967923e-05,0.000660299452409628
"LOC115252569",53.727832559815,1.85219024625572,0.511786670433782,3.61906699267066,0.000295667096028981,0.00524120183261646
"slc35e1",147.487921301729,1.84455548722091,0.430811065446584,4.2815879979982,1.85564314026818e-05,0.000618523692152304
"LOC101077859",612.74939555103,1.84352213615022,0.383611951737121,4.8056952548067,1.5421464900888e-06,8.22126914561006e-05
"mtfp1",358.967785086777,1.84193901007384,0.364973906076589,5.04676904131144,4.49343985531861e-07,3.08537554225597e-05
"arg2",400.982231461916,1.84054715452341,0.250248786936257,7.35486943635908,1.9111382767405e-13,8.86664855635875e-11
"dlgap1",68.8336714569584,1.82988549346035,0.471971190413019,3.87711269380452,0.000105703405478674,0.00241933954459588
"LOC105418339",272.465861074991,1.82857153893112,0.443760746733289,4.120624801522,3.77846323958421e-05,0.0010720842970364
"nampt",938.912060431089,1.82093112353018,0.298960659079747,6.09087205365189,1.12297276227441e-09,2.09532069969593e-07
"timp3",1028.57291953375,1.82071603808473,0.317757462127513,5.7298923080966,1.00494414344903e-08,1.32699008972662e-06
"LOC101077941",2103.28211856346,1.81650613543,0.260520001515318,6.97261678513844,3.11099212137501e-12,1.00760925953818e-09
"cpeb2",98.4202976061652,1.80826538557567,0.485490070179435,3.72461868253523,0.000195610670311948,0.00382942291145011
"asic4",51.8923584575995,1.80252836162955,0.5181601138951,3.47870921225415,0.000503834982227929,0.00770154167847251
"LOC101072876",124.158436906592,1.79656039798263,0.376309674494555,4.77415416012279,1.80464109287658e-06,9.16522751488737e-05
"LOC115252460",477.693761237644,1.79336235424621,0.413858119548174,4.33327816838316,1.46905299178093e-05,0.000514648237896151
"LOC101072800",709.145723320709,1.78913183693926,0.237918018268647,7.5199509896684,5.47967795524505e-14,2.8504288418102e-11
"LOC101072273",113.831420528212,1.78258942110381,0.423239797643325,4.2117717450712,2.53375504290398e-05,0.000783683586783597
"LOC115250149",187.431678847276,1.78190574718648,0.616064182461173,2.89240276892543,0.00382307494899222,0.0343408712176985
"wnt9a",194.749033729437,1.77918899767922,0.365836188841284,4.86334882099678,1.15416185354403e-06,6.65149798483659e-05
"LOC101063630",1263.09836116139,1.77826034806747,0.234643732624095,7.57855463762285,3.49425746264976e-14,1.87445073762018e-11
"LOC101071669",693.629331036259,1.7754621936253,0.250829691870634,7.07835735229066,1.45873172099359e-12,5.11032422909714e-10
"LOC101064245",179.544280542094,1.77373032647009,0.350626719612913,5.05874260931472,4.22030062504982e-07,2.93366231218794e-05
"LOC115250291",51.3966420262991,1.77134609801736,0.517772063255534,3.4210924530765,0.000623701258874313,0.00915864483305086
"LOC101061998",2568.36211995422,1.76066143806965,0.291411768745814,6.04183367626925,1.52372497303304e-09,2.74438268786089e-07
"LOC101070436",116.686663518102,1.75847292651458,0.47960835687692,3.66647682697875,0.00024591519226977,0.00453911848441169
"LOC101062068",705.796011796933,1.7563882671284,0.434983094351193,4.03783110179989,5.39476709579462e-05,0.00140953686402451
"LOC101069682",332.997719680788,1.75290480591931,0.312785335237068,5.60417835635017,2.09245159456173e-08,2.47717407394805e-06
"LOC101076969",424.714155371499,1.74929321335133,0.436444458986622,4.00805458136185,6.12209731741582e-05,0.00156853615747403
"clstn1",593.453777338944,1.74919849079493,0.41489817787869,4.21597052977747,2.48706240210289e-05,0.000772023746735952
"LOC101079743",138.146650625184,1.74886061585136,0.333621794566324,5.24204546685779,1.58806224282491e-07,1.3837906832656e-05
"LOC101070665",104.688330441176,1.74796618155603,0.389624853315999,4.48627998619577,7.24774854949225e-06,0.000286011153104791
"LOC101062130",66.6177049111326,1.74744753939728,0.483803171845168,3.6118976498908,0.000303964540394466,0.00533735041775606
"LOC101069457",2528.19867653527,1.73988002427558,0.340553103870052,5.10898301763674,3.23897461153961e-07,2.40693671782203e-05
"ramp3",99.995186465836,1.72060124662682,0.415136427476629,4.14466457951026,3.40311469497403e-05,0.000990133336507191
"LOC101078914",465.315686158349,1.71768593371189,0.235982396590565,7.27887316396787,3.36619975757245e-13,1.40937036679241e-10
"LOC101079414",108.693722769401,1.7131042356424,0.397795587554298,4.30649381048895,1.65862568250778e-05,0.000563801355760963
"LOC101078323",2675.02287284011,1.70808295324371,0.238974137376131,7.14756405022728,8.83313090733239e-13,3.29629402511452e-10
"LOC101079888",44.4681872006235,1.68791829800535,0.620525752342662,2.72014222074262,0.00652538440915431,0.0491508331582022
"LOC101069615",229.669993581538,1.68365592287091,0.486787313315602,3.45870953662125,0.000542769899662363,0.00818014758349791
"LOC101074666",299.384957967056,1.67625410765764,0.470936656728604,3.55940461144363,0.0003716965060024,0.00618269595158644
"LOC101067507",242.260161241359,1.67335252209347,0.296965510438963,5.63483792989962,1.75223045696002e-08,2.12951872464043e-06
"LOC101073072",86.4956090047462,1.66900336070158,0.576890531066791,2.8931023666054,0.00381456951276362,0.0343191301132601
"calm3",126.066068928305,1.66880018713038,0.348480786644493,4.78878678850327,1.6779263872685e-06,8.75618699133155e-05
"LOC101072040",69.40751905159,1.66722445495465,0.502683016030459,3.31665165081613,0.000911031295221136,0.0121230722587333
"LOC101063659",58.1619247651342,1.65497410203027,0.497765175573665,3.32480893249099,0.000884791481169667,0.0118629547323196
"LOC101071165",611.295183222075,1.65317635675407,0.269354903355322,6.13753949217425,8.38093891218426e-10,1.69255526313594e-07
"cxcl11",720.942887725851,1.65000668630875,0.411810771080254,4.0067108540665,6.15701608502199e-05,0.00157513171558104
"LOC101076482",305.07727320708,1.64812245570329,0.502363533243694,3.28073665112909,0.00103536366582965,0.0132239975354403
"isyna1",1325.31609956672,1.64521686408571,0.243523366097473,6.75588913889761,1.4196193903271e-11,3.93051394425081e-09
"esm1",37.9896473566151,1.63334396901213,0.579984982693538,2.81618320775589,0.00485979446161852,0.0403251512631269
"LOC101063041",597.190474621829,1.63142409862804,0.376054168778922,4.33826888271284,1.43609395095957e-05,0.00050413064953317
"syngr3",82.6837266537849,1.61832305861922,0.416066230812779,3.88958040516255,0.000100417694597763,0.00232314035776981
"dnajc21",269.773305418123,1.61794281077913,0.310707040439623,5.20729368890349,1.91614693506794e-07,1.58868182800549e-05
"LOC101067698",1929.05088466703,1.61466505088722,0.435877980059859,3.70439692930915,0.000211894242498545,0.00407321004113104
"bcl3",71.9947120288258,1.61091291187644,0.511823935647232,3.14739659418106,0.00164731360669109,0.0187892261611025
"LOC101074834",418.844483456716,1.60406903667406,0.525426028786297,3.05289222229695,0.00226647324844619,0.023551016817692
"slc2a12",610.193124212737,1.59075441005573,0.242221328817648,6.56735894324693,5.12154882407825e-11,1.35256164790965e-08
"LOC101061562",270.655758635812,1.59008702775369,0.352752441577336,4.50765704311954,6.55474126189212e-06,0.000264128376764413
"LOC105416783",139.763367201134,1.58975464200898,0.356285648607557,4.46202267260018,8.11896331893513e-06,0.000312489068010853
"LOC101069439",643.302909511723,1.58294990962175,0.296814983207867,5.33311995410005,9.65394917619002e-08,8.95782116532313e-06
"LOC778000",395.939933436459,1.58103713092557,0.385313522157713,4.10324849767001,4.07389271899913e-05,0.00112612628686536
"psph",137.818117429768,1.58044650652559,0.395731956253457,3.99372980006031,6.50419804286455e-05,0.00164677084961376
"LOC101078156",156.054202264596,1.57877122930487,0.318140727242069,4.96249330600041,6.95939657932113e-07,4.32844208987777e-05
"LOC115246429",372.767528228681,1.57206794165987,0.258903336224346,6.07202658948215,1.26306012407547e-09,2.33136452579349e-07
"wnt5a",813.142254397273,1.57016094602739,0.343888850318398,4.56589663949157,4.97363803033687e-06,0.000210289336031435
"a3galt2",2095.09387362896,1.56906208056183,0.257140594906924,6.10196177359618,1.04774436695953e-09,1.99489174351692e-07
"LOC101065036",375.943773995867,1.56502618222864,0.420211354671829,3.72437861287892,0.000195796893890064,0.00382942291145011
"LOC105416871",175.499250199296,1.55955912817633,0.55866773899149,2.79156826021789,0.00524532926087117,0.0425093269110738
"LOC101065288",1982.91630023241,1.55699338466227,0.412124986985326,3.77796404933271,0.000158115696762649,0.00325055574925466
"ddx3x",3747.38284776047,1.55642193039205,0.246620398151355,6.31100242339585,2.77233852513889e-10,6.43107609763976e-08
"LOC101073089",320.406002917049,1.55281524373427,0.263889898949925,5.88432997971223,3.99669746337387e-09,6.10634844234018e-07
"ltbp2",120.776452371394,1.55235321593806,0.37577172661483,4.13110701521521,3.61020455131844e-05,0.00103633396869452
"clptm1",1034.82486082278,1.55101717970131,0.262677817067501,5.90463708362073,3.53423890765481e-09,5.61747639711134e-07
"LOC101063580",1245.32736336344,1.54877497736354,0.228697786266706,6.77214678220527,1.2688530630735e-11,3.57067732470815e-09
"LOC101070411",438.025821493959,1.54573855438274,0.331993476726174,4.65593050088046,3.2252072484558e-06,0.000147613499148535
"LOC101078919",69.899074509093,1.53419458541891,0.526250159247838,2.9153332468568,0.00355308925098747,0.0326861361642288
"LOC101064798",233.060706707813,1.5305211180591,0.304649721373542,5.02387171456651,5.06400695139261e-07,3.44428539599987e-05
"LOC101073075",524.42667723984,1.52882410222859,0.30105463834475,5.07822802742495,3.80971293007576e-07,2.72489717323669e-05
"greb1l",82.6784960819034,1.52484975642161,0.545797233841922,2.79380264661299,0.00520922589975842,0.0423397593727524
"c8h7orf57",575.40460881943,1.5209611873214,0.227922533957853,6.67314969217855,2.50370776036872e-11,6.82200752610943e-09
"LOC101077510",1100.30317790577,1.51975077203821,0.450301594367364,3.37496200557168,0.000738258825174227,0.0103876647483121
"gdpd1",91.705875700827,1.51950211725854,0.459439948719113,3.30729210965395,0.000942026041466631,0.012410452055116
"LOC101069581",511.690161083402,1.51755050122774,0.234456129854748,6.47264160748496,9.63041931293637e-11,2.43111438126273e-08
"slc25a33",321.05410114704,1.51695730423096,0.288671135043089,5.25496705448064,1.48050971456628e-07,1.30330409026896e-05
"eif4g2",2430.64812676597,1.51695364374548,0.26624612094267,5.69756148324176,1.21533159653083e-08,1.56860016436453e-06
"LOC115251677",865.065398019635,1.51548694319247,0.466290731045706,3.25009021687786,0.00115368402968771,0.0143716546107542
"axin1",240.729940513025,1.51511359796254,0.333250431609873,4.54647152486286,5.4552746535059e-06,0.000226743933903347
"mbnl3",446.31582597356,1.51369952785044,0.281478294314807,5.37767763420331,7.5452756682571e-08,7.31763853792663e-06
"arhgef16",479.203429117246,1.51031449673033,0.354675403565235,4.25830063643683,2.05986807509082e-05,0.000665907634218626
"mpv17l2",455.449552928938,1.50707127811039,0.265263342101624,5.68141555546345,1.33584466191233e-08,1.65475528885417e-06
"LOC115251766",101.849341774009,1.50308103398869,0.397698822012402,3.77944552710246,0.000157177972855075,0.00323903611288142
"LOC101063456",471.805052195285,1.50249177538117,0.27697599223434,5.42462818983228,5.8075299277101e-08,5.89893838692731e-06
"mct1a",185.41603912181,1.50044389086379,0.325652955477648,4.60749354681284,4.07551848379301e-06,0.00017847028135916
"LOC101070635",7390.70276612526,1.49809597012407,0.268208841132351,5.58555774596861,2.32951364484925e-08,2.64824047864121e-06
"LOC101068202",2866.82962778958,1.48865865748492,0.262532049735398,5.6703882782514,1.42474253449253e-08,1.74693788193563e-06
"LOC105418587",274.641940247423,1.48577843615335,0.33071269599522,4.49265617602667,7.03402987561662e-06,0.000279741797824549
"LOC101078307",346.176792120055,1.47853573065408,0.253472020175843,5.83313191581606,5.43965277145424e-09,7.71711400618045e-07
"otud4",390.542041317115,1.47642552530631,0.304393806359289,4.85037965445206,1.23225381573084e-06,6.95886558938023e-05
"LOC101069651",464.424244209466,1.47512620284472,0.343805189625783,4.29058736562509,1.78201161754915e-05,0.000598630360603692
"tef",2634.28416212024,1.47508512923968,0.269091602983478,5.48172114211325,4.21207786278447e-08,4.48060064652617e-06
"LOC101071528",403.483599247985,1.47442034169403,0.447424028851448,3.29535350499372,0.000982979399526808,0.0127649591132068
"tmc5",767.857023553721,1.47365266674287,0.42102036120215,3.50019334583987,0.000464920813091236,0.00730845300139574
"heatr6",241.214771380822,1.47167294306674,0.293572779235936,5.01297479588186,5.35949193724432e-07,3.54078230464255e-05
"LOC101076936",303.94370836008,1.47105530732813,0.368450562429685,3.99254461067316,6.53680302812544e-05,0.00165015824677649
"LOC101061646",113.260071838022,1.47070394502263,0.460844769441289,3.19132176937943,0.00141623459472064,0.0166971724264935
"LOC101079025",224.722731694215,1.47048015652098,0.27975953316796,5.25622894730149,1.47039224364537e-07,1.30106975538229e-05
"LOC101080242",313.098868310395,1.46800170702112,0.30214324549498,4.85862824640081,1.18201834379958e-06,6.78612939453634e-05
"LOC101068709",183.302010677916,1.4640583446809,0.377681408296426,3.87643742191254,0.000105997055067272,0.00242283015617148
"LOC101069396",332.414986615669,1.46122352716118,0.272492856337197,5.3624287506201,8.21103599107541e-08,7.83059132348891e-06
"LOC101061475",798.269811770511,1.46106428477851,0.335555496931308,4.35416584779596,1.33574556427841e-05,0.000475713866315417
"LOC101069633",201.278350308947,1.45736562813311,0.437885525805741,3.32818862978274,0.000874126583112511,0.0117688289613407
"g3bp1",364.258981297761,1.45693646781296,0.261636457208188,5.56855295840385,2.56863562189184e-08,2.88190843695394e-06
"LOC105417968",503.30546733971,1.45497576590206,0.327274851158919,4.44573043345622,8.75937307950837e-06,0.000332662385581506
"LOC105417682",255.797456377443,1.45438539146105,0.321100997064737,4.52937052440179,5.91596738123679e-06,0.000242371112330097
"sytl5",752.625522817265,1.45180706684812,0.283262582387747,5.12530477767373,2.97056822799967e-07,2.26634552008188e-05
"LOC115250594",149.111770561522,1.45114493274162,0.422441665807013,3.43513684894083,0.000592254664052888,0.00878707308827301
"LOC101070215",193.695634178662,1.45052980335795,0.406090028426373,3.57194144603563,0.000354344647093955,0.0059667585706933
"LOC101061500",492.143376060258,1.44908036089647,0.259353360152151,5.58728200030399,2.30651019215984e-08,2.63957026390772e-06
"LOC101067898",580.815064173807,1.44874592874617,0.276322701045675,5.24294936052575,1.58029921777566e-07,1.3837906832656e-05
"LOC101066793",45.8974403521788,1.44859528432514,0.52117059863637,2.77950308040276,0.00544421371831465,0.0436911513270637
"LOC101066072",659.200224938996,1.44754455292682,0.409483684335113,3.53504817970275,0.000407700814365818,0.00662745471534435
"LOC101064302",1007.4788637175,1.44735933752504,0.284355525171708,5.08996382838368,3.58131823121609e-07,2.58306339315359e-05
"LOC101065457",189.504217404081,1.44660870241023,0.4294308433346,3.36866511771041,0.000755331397719409,0.0105586472094881
"LOC101066533",493.893344843152,1.44265742216203,0.334681986627488,4.31053202683344,1.628622383084e-05,0.00055691099259004
"LOC115250391",55.9163529692447,1.44179012096553,0.502296862416441,2.87039443971319,0.00409960052608254,0.0358866612089408
"angpt2",292.716484409978,1.44162345947705,0.452346936156648,3.18698623610841,0.00143763616078912,0.0168914868830295
"LOC101063401",7892.59069042054,1.43972929460229,0.3012238855714,4.77959870901746,1.75645421100755e-06,9.02733322938791e-05
"nrp1",190.645453889709,1.43913784022528,0.345153755502126,4.16955579153888,3.0519390034376e-05,0.000901714026385711
"LOC101079252",297.710031978352,1.43804342216621,0.334923126991968,4.29365220336276,1.75757727958766e-05,0.000592742074290801
"LOC115248690",100.937318957063,1.43610001373192,0.386642509737983,3.71428380884741,0.00020377999485313,0.00395711243399188
"LOC101067318",145.158106500947,1.43348714022596,0.490687745891235,2.92138361356941,0.003484804511239,0.0322531674771795
"LOC101064272",115.976955496154,1.43231806487042,0.491294980813561,2.91539323788445,0.00355240625599913,0.0326861361642288
"nil1fm",224.316767186874,1.4300127868805,0.447146380764649,3.19808646205541,0.00138342794867389,0.0164556732614086
"LOC101062096",1460.51776024405,1.42671547966123,0.239004265738336,5.96941429163949,2.38106801053252e-09,4.00719739890208e-07
"LOC105419261",278.013304548868,1.42550277167734,0.465083893465579,3.06504437523128,0.0021763770318397,0.0230047340693105
"zdhhc5",152.243529978595,1.42410583918676,0.499441144528632,2.85139871792266,0.00435273506230228,0.037413734319616
"cluh",1063.78127674386,1.42307113849538,0.26990064673167,5.27257402206292,1.34523551677797e-07,1.2027246292193e-05
"LOC101065591",314.702811728188,1.41731838971402,0.353595524947808,4.00830409243222,6.11563407341887e-05,0.00156853615747403
"ftsj3",667.23434408051,1.41597993527103,0.222719705457098,6.35767693911479,2.04827675640825e-10,4.95221391556395e-08
"nrip2",1225.80857847462,1.41562724979101,0.423019419828948,3.34648288809869,0.000818437308892912,0.011221557654745
"LOC101072330",203.249371909321,1.40949815162883,0.402333798261524,3.50330535917997,0.000459522351081386,0.00723684465932391
"LOC101071145",1105.69277706777,1.40853984141548,0.451437587267496,3.12012087859414,0.00180776839014422,0.0200707606242658
"rdh10",103.291096104399,1.40642626106242,0.391460422403001,3.59276744358727,0.000327184569363378,0.005639006343064
"LOC101073401",212.893867878725,1.40632790235941,0.38727669965646,3.63132588045424,0.000281968866957027,0.0050517856518889
"vldlr",187.23494578915,1.40515969795588,0.400117844538197,3.51186460973185,0.000444974622770634,0.00706364816688557
"esrrb",120.978715211082,1.40447978808883,0.349363280509559,4.02011277785218,5.81702879630942e-05,0.00150838544286175
"LOC101069898",333.095632544968,1.40409938378388,0.431352262199489,3.255110745506,0.00113348157180416,0.014181738091538
"LOC101073704",333.347815059119,1.40386718588838,0.351573579947489,3.99309637003459,6.52160473236432e-05,0.00164874619787579
"ndufaf3",106.276656265632,1.40345034102762,0.436524910703806,3.21505212329085,0.00130420838357059,0.015777336936133
"LOC777946",430.948093386861,1.40007227076547,0.303683044263159,4.61030767839718,4.02073453891421e-06,0.000176521557787727
"c19h1orf50",166.22577705438,1.39636152513335,0.319517139545128,4.37022416738347,1.24119051084817e-05,0.000445737998100829
"rrp12",635.569562502941,1.39487204868864,0.242703823651434,5.74721909075449,9.07231451544358e-09,1.22626260607956e-06
"LOC101074339",2391.43306280747,1.39206279583674,0.411412658257052,3.38361683311885,0.000715377634163979,0.010157297326765
"itga2",432.748544264631,1.39052897160956,0.359219657928444,3.87097125928044,0.000108402573738144,0.00247123317501856
"LOC101077262",599.462696445715,1.38918939373182,0.452838076242896,3.06773980946486,0.00215684324636027,0.022868666563941
"LOC101063773",288.983314991329,1.38787262634847,0.508787545239292,2.72780385316966,0.0063757507331304,0.0483632952209087
"dhrs1",204.41726607794,1.38541494582969,0.287378141988547,4.82087794236245,1.42927792834415e-06,7.73974287632672e-05
"LOC115253067",109.203056775923,1.38211674605482,0.432866077411386,3.19294307911612,0.0014083070408095,0.0166494481146941
"LOC101066219",202.757121402385,1.38198903751519,0.308936554649753,4.47337492671262,7.69946015973095e-06,0.000299024735524754
"soat1",97.7835810199235,1.38036529999712,0.385476318950719,3.580934112255,0.000342367990853309,0.00582921188591193
"LOC101065695",445.795903121639,1.37982599950181,0.235894355487784,5.84933877136907,4.93531002334603e-09,7.11928839166034e-07
"LOC115250234",107.466736979595,1.3786598405292,0.405141119003651,3.40291265403937,0.00066671591034657,0.00964769407387124
"LOC101065790",333.22119410466,1.37558010545712,0.432679701820392,3.17921108771618,0.00147676504522979,0.0172631229026466
"dph6",57.7314382651242,1.37325933123764,0.47056221824056,2.91833742277967,0.00351903326355533,0.0324772715065542
"LOC101064053",237.12791544809,1.37269232953134,0.355739790634066,3.85869774951145,0.000113992811336872,0.00255895478210537
"LOC105417613",443.002527105917,1.36881719423497,0.297159728579094,4.60633478425943,4.09828393170093e-06,0.000178818185753418
"LOC101076943",778.01967920755,1.36807429930544,0.252792876032265,5.41183881752599,6.23808275753451e-08,6.26215956817763e-06
"LOC101079894",272.370662471953,1.36590951621837,0.308738911143321,4.42415732814543,9.68194468015004e-06,0.000358963849631654
"rhbdf1",189.150972381364,1.36556602231777,0.314575750612312,4.34097675888791,1.41850728365362e-05,0.000501030782534938
"LOC101077331",740.351012658768,1.36536503931875,0.41189440874717,3.3148423730045,0.000916948143563655,0.0121603598860713
"pprc1",554.967979507042,1.36405290426042,0.240112349656392,5.68089440719072,1.33992185221211e-08,1.65475528885417e-06
"b7-h1/dc",166.316483329767,1.36273319349681,0.481685334323271,2.82909421647919,0.00466799545088461,0.0392029402690241
"LOC115248012",107.874338189838,1.36137481996219,0.483413920403784,2.8161680135836,0.00486002431769164,0.0403251512631269
"erc1",632.299336606634,1.35960731022858,0.463713470095866,2.93199874040212,0.00336788112906357,0.0315847073862876
"LOC101072260",136.928734504168,1.35840715666665,0.379691220126751,3.57766280772354,0.000346680281798644,0.00586894843920663
"LOC105416228",597.238118640111,1.35478255490627,0.334485901770031,4.05034277300491,5.11426629276148e-05,0.0013499155086146
"prkg1",170.73887985522,1.35278219924419,0.362131151280063,3.73561400189509,0.000187257721038749,0.0037290789319619
"chfr",798.46020279913,1.35111581796306,0.237323789911216,5.69313265420427,1.2472940278109e-08,1.59783949861208e-06
"plekhg5",192.03383260456,1.34997547836351,0.373768613896386,3.61179464559789,0.000304085326142691,0.00533735041775606
"LOC101073621",691.509828263607,1.34996908142255,0.294837614107968,4.5786867646005,4.67904272312624e-06,0.000199641349560153
"LOC101069670",212.816024780135,1.34888342191939,0.351587673878223,3.83654923689558,0.000124775189287482,0.00274249795045956
"cdkl5",96.4074544642073,1.34879849542418,0.463211707543474,2.91184025243488,0.00359306341031671,0.032947930823449
"slc30a1",1108.04131873822,1.34840759864688,0.290474952236001,4.64207873438719,3.44921368713563e-06,0.000154295079587189
"LOC101062968",492.905274119966,1.3443107093204,0.258245796591885,5.20554730052339,1.9342566821225e-07,1.58868182800549e-05
"dnajc5g",523.008707903196,1.34422718170171,0.233989059530455,5.74482920013084,9.20138168517614e-09,1.23399154693542e-06
"LOC101074125",541.604483326486,1.34018810457375,0.248706052182187,5.38864290922848,7.0991700379024e-08,7.00369844084095e-06
"LOC101067057",251.805539971851,1.33867980946003,0.351962835932572,3.80346920979034,0.00014268373519742,0.00302442161111304
"LOC101078915",302.933906752705,1.33422926045403,0.399351995546599,3.34098558497961,0.00083481557229088,0.0113491875972393
"timm10",206.871681579717,1.33407578809317,0.34623917060895,3.85304697255038,0.000116657000068895,0.0026074662281024
"mapre3",190.329609974988,1.32706275823421,0.399706687122402,3.32009145953523,0.000899879618803207,0.0120119234341958
"fbxo10",93.852529695944,1.32671237246225,0.469906727583173,2.82335258166191,0.00475242759257341,0.0396983805616132
"slc35b2",322.059869110776,1.32610529287251,0.270718254444218,4.89847016631735,9.65856998670825e-07,5.658669364909e-05
"slc25a16",242.656453679289,1.32256569445555,0.275090809070459,4.80774221037969,1.52644423748099e-06,8.1629102120245e-05
"pgm2",322.518286882812,1.32093025089441,0.276789665257685,4.77232504206636,1.82111286296045e-06,9.2215998246546e-05
"pitpnc1",354.956334094252,1.31817344050209,0.322293397270695,4.08997966345227,4.31411013585214e-05,0.0011792359011471
"cd83",476.754244759804,1.31622216832043,0.319781611026967,4.11600330642349,3.85498776319239e-05,0.00108839999906185
"helz2",861.586592954344,1.31443069324067,0.259753661175082,5.0602970802968,4.1860374375093e-07,2.93295994499121e-05
"gfm1",281.948703917387,1.31377741304926,0.295939297429142,4.43934761102089,9.02319779217714e-06,0.000338192605459635
"LOC115246804",798.731591279993,1.30955489938572,0.304927452922963,4.29464414185287,1.74973769079089e-05,0.000591259787403865
"sema3c",123.528228824725,1.30868282858464,0.352126658572135,3.7165116492211,0.000201992331986282,0.00393575524503577
"txnrd2",355.186460196048,1.30584171214215,0.258355662888072,5.05443425371282,4.31668424964703e-07,2.97591172005787e-05
"LOC101073006",130.128236864759,1.30097326001958,0.395355354022135,3.29064282748207,0.000999587429464296,0.0129225987144865
"LOC101061969",531.106075878019,1.29862828490847,0.326888411809665,3.97269599653051,7.10637206239196e-05,0.00177566204982562
"LOC101071667",649.027716299096,1.29747905118989,0.24279224931211,5.34398875938574,9.09232088819307e-08,8.62313703683549e-06
"LOC101066220",214.560461298984,1.29697143854958,0.332238309615418,3.90373837397285,9.47181697007818e-05,0.00221818840529825
"tmem161b",205.825125260267,1.29666614720075,0.333624818347646,3.88659978482052,0.00010165814967003,0.00234531644404404
"LOC101074756",596.371541429364,1.29437048117461,0.253962350329561,5.09670224541132,3.45621292793706e-07,2.5139555559732e-05
"LOC105418361",156.692355910117,1.29330719114671,0.337357587212232,3.8336389640263,0.000126261418571523,0.00276454529489638
"LOC115250449",117.414589370059,1.29209134225655,0.358932242203717,3.59981966045616,0.000318437952201042,0.00553613294966461
"LOC101075110",494.417027827383,1.29191751027182,0.425385777103307,3.03704914411859,0.00238906501946022,0.024443904859112
"rbck1",194.867404862178,1.29132041676179,0.330841705741874,3.90313673986825,9.49540209299884e-05,0.00222068218431087
"LOC101073041",5645.2303327186,1.28909016926105,0.367066150730374,3.51187426761107,0.000444958453306537,0.00706364816688557
"LOC101069974",282.560295803241,1.28824028349244,0.282756636788821,4.55600370029359,5.21360181627748e-06,0.000218284606776145
"plxna3",117.779551576822,1.28668741642865,0.442626047954545,2.90694011880834,0.00364983058474964,0.033361550488718
"LOC101068848",414.4808774932,1.2863708529848,0.380137057965297,3.38396593026253,0.000714468682285224,0.010153131883264
"ptbp1",2473.3482057356,1.27857449681199,0.23078119603553,5.54020222954018,3.02122550505152e-08,3.30333484202002e-06
"dot1l",284.189044337371,1.27623182674818,0.43989299839376,2.90123241653823,0.00371698079338791,0.0337774972468485
"LOC101077564",75.1637148742652,1.27604414700633,0.41890123353564,3.04616946633499,0.00231777159672137,0.0239578470018635
"ano5",388.836141253297,1.27459491925308,0.314583221418794,4.05169389996248,5.08481612722919e-05,0.00134908738238047
"myo5b",220.996966484607,1.2745695190844,0.340719686884639,3.74081559753235,0.000183424064566181,0.00366122964225937
"LOC105419020",725.511059409659,1.26878576259855,0.450763281837387,2.81474958968878,0.00488152547360525,0.0404422134555539
"adamts8",85.2646969021617,1.26683607339371,0.414918433391995,3.05321714207106,0.00226402048447366,0.0235397793073742
"LOC101075972",263.280091776262,1.26594355252148,0.451272316539221,2.80527634008202,0.00502734580793673,0.0412541608259273
"cdk8",187.676778273859,1.26485330381785,0.322328662961466,3.924110540455,8.70507605181635e-05,0.00208702982549552
"LOC101077463",780.294497628813,1.26066389079465,0.393985604167825,3.19977145727804,0.00137536600641381,0.0163727689778775
"rcc1",437.538597560924,1.25928493385429,0.251153741893766,5.01400028667278,5.330990685391e-07,3.54078230464255e-05
"LOC101066120",2953.23453114783,1.25853720994118,0.417923985407762,3.01140220203741,0.00260044155043586,0.0260135079573322
"ppp4c",780.508158666058,1.2576663731739,0.25211753468506,4.98841294297502,6.08773336344996e-07,3.91393374220907e-05
"LOC101072453",208.005321416773,1.25350011933729,0.298819830976356,4.19483578195475,2.73069352211256e-05,0.000830299250850385
"LOC101064737",79.5518031214431,1.247582154404,0.429980312628767,2.90148669081304,0.00371396555605631,0.033773346550906
"LOC101073061",446.243824911609,1.24742052237044,0.324495811044641,3.84418066401118,0.000120955875844212,0.00268954477298152
"LOC101068452",1773.21142081138,1.24354494229685,0.240200386255084,5.1771146653205,2.25343729603922e-07,1.8246464445193e-05
"gpam",348.490790438865,1.24252999763901,0.323832497827147,3.83695276408682,0.000124570421053539,0.00274249795045956
"LOC101071533",863.566428252787,1.24066721170646,0.210554092170185,5.892391826342,3.80645274236386e-09,5.9946392454512e-07
"LOC101073082",845.738643675695,1.2388725777382,0.308529467813675,4.01541086664165,5.93423233817479e-05,0.00153645599271657
"LOC101079462",875.496916751968,1.23735972798324,0.298630194626197,4.14345150038186,3.42117449447759e-05,0.000992082511630124
"r3hdm2",386.933204612057,1.23614508943601,0.243909633692905,5.06804536877122,4.0192161958074e-07,2.8392537126432e-05
"LOC105419302",1612.02508920774,1.23594029646863,0.25767528854009,4.79650300760733,1.61459534308261e-06,8.55436532696176e-05
"tmtc3",178.657315666908,1.23398546164406,0.345969961935273,3.5667416175134,0.00036144754826358,0.00604148842599086
"oxsr1",343.510842099156,1.23350673619237,0.310355937570255,3.97449053447912,7.05300669656499e-05,0.00176489669028039
"dock9",403.763259233288,1.22920606300711,0.293040985115424,4.19465578346641,2.73286277153123e-05,0.000830299250850385
"ldlr",368.697658361907,1.22819740834172,0.346679347081243,3.54274755240583,0.000395981571323172,0.00647725152604379
"LOC101070095",174.659183624176,1.22759925601604,0.319952663083007,3.83681524694034,0.000124640167963094,0.00274249795045956
"LOC101064843",78.2132838335659,1.22478755665994,0.428630784986259,2.85744188135997,0.00427070836247492,0.0369138870847153
"LOC105416409",353.916417914169,1.22368626579491,0.399451983339381,3.06341266743755,0.00218828066705926,0.023090908925212
"prrc2c",1478.39762161837,1.22169925279311,0.245360026825343,4.97921062611704,6.38441325216065e-07,4.0590680698737e-05
"letm1",905.915672253393,1.22053618540942,0.26074015258057,4.6810442247949,2.85417353353542e-06,0.000133914091530014
"lrrc8a",637.358086052453,1.21805437917488,0.292510186554391,4.16414345607205,3.12523579848575e-05,0.000921783465924508
"ecsit",146.282235117746,1.21495965135881,0.337363690440086,3.601334956272,0.000316587375590142,0.00551170272756631
"LOC101064200",945.990924700636,1.21331199906124,0.38363106103049,3.16270532370894,0.00156310464843527,0.0180324290289246
"LOC101068877",813.416710224642,1.21116800188147,0.283533463991104,4.27169331207928,1.93994254745666e-05,0.000635354322838859
"pgp",382.730820301486,1.21065613030836,0.299906070233853,4.03678434839398,5.41888371887179e-05,0.00141368629054944
"LOC101067720",344.539896762761,1.20842879904509,0.248775428139851,4.85750866989069,1.18871934073403e-06,6.80185206768009e-05
"lgr4",683.655652638443,1.20651487100725,0.339383359068251,3.55502071262315,0.00037794931477855,0.0062684810990228
"LOC101078771",1097.95583699462,1.2048336778204,0.374285148571737,3.21902614201502,0.00128626758186502,0.01559949509682
"gli1",109.203876893697,1.20417075787757,0.386897545736147,3.11237631550853,0.00185587762234379,0.0204480072305222
"mtus1",161.42979838481,1.20385803057467,0.438466106670664,2.74561251658819,0.00603980525370297,0.0468289507610954
"camsap3",461.868961856261,1.20050221959473,0.34982588664941,3.43171350494669,0.000599780808017364,0.00885282661257616
"arhgap32",205.005621278374,1.19944902666616,0.367428255839942,3.26444416726801,0.00109679077228505,0.0138335858905549
"rnf213",1310.99679823796,1.19935273981532,0.220620443236441,5.43627200734955,5.44068781529818e-08,5.62619560466316e-06
"LOC101076730",121.195691281109,1.19932462544935,0.35898075279228,3.34091623609504,0.000835024113673144,0.0113491875972393
"fmnl3",535.24331165411,1.19804005320144,0.243247591849039,4.92518772372862,8.42794043161098e-07,5.11215637629096e-05
"nfs1",1173.67664250278,1.19721394217692,0.217829394486722,5.49610829611842,3.88264126256642e-08,4.18768839039365e-06
"arhgap35",1134.88221393237,1.1948082882349,0.350678427658754,3.40713369856207,0.000656489608739669,0.00953409528225479
"steap4",221.146405525888,1.19369943311846,0.398682586848493,2.99410978180516,0.00275246887931346,0.0272170972248243
"bhlhe40",236.407289715818,1.19083837403752,0.310794003530012,3.83160022558969,0.000127312491018455,0.0027734089096736
"abcg8",87.3416139583378,1.18666822661464,0.41758475858786,2.84174219056169,0.00448677582397093,0.0381664984114395
"emilin2",78.4015253521478,1.18461305931884,0.43436133176194,2.72725257221581,0.00638641339645836,0.0483840038500721
"vav3",681.132923016694,1.18299590032385,0.270262626278753,4.37720863077713,1.20208898230839e-05,0.000434005161571304
"LOC101068846",2566.5317789998,1.18239793674613,0.31554729432242,3.74713381486953,0.000178866677810102,0.00359534589143818
"LOC101071159",97.4652536860447,1.18166479663034,0.376324171521413,3.14001833008249,0.00168937263911447,0.0191417628534911
"atrx",1044.27579799137,1.18069792454898,0.255876934262429,4.61431948898545,3.94385366273078e-06,0.000174036483224773
"LOC101061986",307.082589642497,1.17800319476296,0.389968478006774,3.0207651674413,0.00252136825904838,0.0254299691743974
"timp-2b",642.198892643139,1.17618692759556,0.286119089735343,4.11082996483568,3.94239451033269e-05,0.00110220104502233
"dpp9",396.45923173693,1.17601219864506,0.273827520527656,4.29471879370972,1.74914904474676e-05,0.000591259787403865
"utp20",596.770336042406,1.17345028162218,0.237432747325729,4.94224278175222,7.72289595145804e-07,4.75165705744547e-05
"cd40",706.699851307195,1.17313698667055,0.319933229718422,3.6668181911052,0.000245587274873491,0.0045379452750036
"LOC101062757",119.495582669097,1.16967244317152,0.409122033176139,2.85898179105875,0.00425003179688341,0.0367761305290225
"sdr16c5",597.411874749209,1.16929740890052,0.2509137560756,4.6601566497941,3.15968820835023e-06,0.00014502461974476
"tmem62",485.159191752522,1.16926808608727,0.316785952760474,3.6910351481758,0.000223343269238794,0.00422702377040037
"LOC101079689",268.696611850111,1.16699178216716,0.358216301139962,3.2577852500107,0.00112285344308551,0.0140692716817561
"LOC101071407",2129.82708073579,1.16696046156877,0.208588645433317,5.59455410022224,2.21189492605328e-08,2.54828109400206e-06
"LOC101076069",794.317169832073,1.16582672883003,0.315697959677912,3.69285480976644,0.000221750638264375,0.00420151374883693
"LOC101062235",730.042209548201,1.16551428525653,0.296727690055875,3.9278918830833,8.56937163953224e-05,0.00205736830159735
"LOC101076896",223.444013019557,1.16476879721315,0.330945465584864,3.51951882813897,0.000432330348980814,0.00692357937112927
"p3h2",367.111091870265,1.16398406544913,0.304717029547523,3.81988518061342,0.000133513811180833,0.00287205273525084
"LOC101068525",750.6762184934,1.16356444984367,0.265646791665727,4.38011858734519,1.18614739610198e-05,0.000429565531676934
"LOC445956",708.178977361178,1.16302024809846,0.27883002234768,4.17107253482289,3.03169333161269e-05,0.000898048955800634
"LOC101068780",1957.49297143871,1.16211245007991,0.217531098798291,5.34228189210547,9.1783774582551e-08,8.65692458507731e-06
"LOC101066508",979.028373666606,1.16208044685546,0.343917324999099,3.37895291218174,0.000727624697546728,0.0103017410327096
"LOC101072137",367.233010522152,1.15970609293772,0.424939935931817,2.7291059156271,0.00635063031802164,0.0482580433993623
"LOC101076539",507.32981741064,1.15777900313304,0.281075019705176,4.11911028005068,3.80338100178847e-05,0.00107737356892246
"LOC105416407",106.043826317597,1.15713109146164,0.398740020984136,2.90196877806674,0.00370825496849523,0.0337518052964948
"LOC105418559",265.235562442563,1.15618792725286,0.280960549968184,4.11512551275894,3.86968788382552e-05,0.00109075635818964
"selenoo",636.548647360517,1.15469518660955,0.230960293686563,4.99953982642831,5.74673017112905e-07,3.75088859762742e-05
"usp10",1270.39411254085,1.15467912303318,0.237429143548604,4.86325775250417,1.15469323050292e-06,6.65149798483659e-05
"LOC101075220",485.827151952894,1.15392878157913,0.330564083335404,3.49078692983202,0.000481600166695178,0.00746806545753335
"LOC101073700",243.299231368225,1.15276989901609,0.397633636106078,2.89907541601576,0.00374264860148705,0.0338851824330837
"LOC101069872",305.451899343052,1.15222446685274,0.318414412887096,3.61863163292581,0.000296164847817661,0.00524120183261646
"rbbp6",340.292073539558,1.15115812491,0.263004058481903,4.3769595479045,1.20346299025947e-05,0.000434005161571304
"LOC101067377",925.919646115706,1.15096240770093,0.207105363987557,5.55737613715346,2.73860190483806e-08,3.03295743860969e-06
"LOC101072607",483.213313057477,1.14938115663312,0.28346077008348,4.05481561450152,5.01738641896361e-05,0.00133739837372561
"oaz1b",5558.50044136802,1.14937736203984,0.179870192123703,6.39003799611983,1.65844540441793e-10,4.06698197317689e-08
"tbrg4",221.621012791973,1.14889386546249,0.292187725689322,3.93204013875686,8.42279975729177e-05,0.00203929168735784
"pde4b",950.172722804957,1.14879732052365,0.234871942450515,4.89116455774913,1.00241112621213e-06,5.85285353488349e-05
"lrpprc",856.908717565236,1.14812417448677,0.207716462581721,5.52736244502076,3.25080925878363e-08,3.5318602364734e-06
"LOC105417382",1585.31699895637,1.14530611759594,0.220645225140447,5.19071335836486,2.09489917244025e-07,1.70431465374925e-05
"sbno2",1154.38900632718,1.14399182855492,0.315354769539144,3.62763445825393,0.000286029827335194,0.00510924871595831
"pkp3",446.852703251346,1.1433755857211,0.272703229546063,4.19274677320229,2.75597025088116e-05,0.000834373638917567
"LOC101062644",78.8595450246489,1.14189900596861,0.409048606175151,2.79159735231969,0.00524485774000026,0.0425093269110738
"LOC101067638",558.198231546548,1.14024172939773,0.295001958798589,3.86520053643517,0.00011099796269364,0.00250379898501842
"madd",215.992937624256,1.14009206734031,0.418618969391398,2.72346011695986,0.00646020152139086,0.0487883059024177
"LOC101077509",492.991459818669,1.13849741033632,0.264078552808515,4.31120739729988,1.62365525556122e-05,0.000556320680977322
"sart3",521.09953365041,1.13838120645368,0.253828709933971,4.4848402166556,7.29685936100277e-06,0.000287288733465536
"ralgds",118.783214094531,1.13818964601318,0.412853368603602,2.75688593716189,0.00583547034589619,0.0457823052822916
"LOC101075257",817.771516196501,1.13744367082351,0.224910917653507,5.0573075006338,4.25217295589344e-07,2.94325810326076e-05
"LOC101061921",1224.71784705345,1.13723700027095,0.289135737828613,3.93322876241973,8.38124033960113e-05,0.00203496989631673
"pign",211.708679370933,1.13660198193438,0.345225924809296,3.29234249299859,0.000993565337986479,0.0128818297521721
"angptl4",631.803092628706,1.13572557799508,0.231160752381738,4.91314189927684,8.96283593524388e-07,5.370971820594e-05
"per1",614.950307598051,1.13534787517417,0.294972913496056,3.84899027411665,0.000118605715963907,0.00264413729900834
"hic1",874.765072693941,1.13259530005182,0.291236413839329,3.88892063708989,0.000100691034953428,0.00232632881024299
"nufip2",341.24842963809,1.13236941008212,0.371742088754451,3.0461156924044,0.00231818617442009,0.0239578470018635
"LOC115252364",121.494902041828,1.13097434661951,0.362896064660178,3.1165241421909,0.0018299669600678,0.0202473994718981
"mrtfb",269.72195759704,1.13047109635852,0.316292838625413,3.57412801779347,0.000351396984301568,0.00593124939284239
"LOC101066717",681.720580611514,1.12971767050412,0.236253043017302,4.78181214546891,1.73721986108625e-06,8.95529013075272e-05
"LOC101076155",380.835835654958,1.12712240711073,0.26163580825064,4.30798220873108,1.64750633473885e-05,0.000561132812343791
"LOC101061787",260.062608534435,1.12574686142078,0.272932999535642,4.12462715514826,3.71335800821914e-05,0.00105710619517562
"LOC101075600",594.46824274556,1.1246970082762,0.2934580066624,3.83256541904504,0.000126813861370317,0.00276957601053798
"ubtf",972.306182329463,1.12455266025387,0.238882048677625,4.70756453437602,2.50693928423728e-06,0.000121222872544274
"slc25a34",220.428733517122,1.12380260179254,0.293523994056765,3.82865668411152,0.000128844592502405,0.00279967882898263
"dgcr8",795.944141336089,1.12330171447549,0.259903025011,4.3220032334289,1.54618922438128e-05,0.00053946919157986
"rassf4",541.887607217584,1.12306011883388,0.378705078708227,2.96552695481315,0.00302164864942636,0.029226466649286
"prmt5",625.2293159585,1.1215972811712,0.228711561054774,4.90398157399045,9.39133029234158e-07,5.57825521793549e-05
"LOC101069410",450.493668852892,1.12111307708473,0.348289481053242,3.21891167569699,0.00128678114045771,0.01559949509682
"LOC778023",156.388651397801,1.12103631974544,0.4121819491321,2.71976082918216,0.00653291495178847,0.0491644094968877
"tmigd1",214.438673513608,1.11966686199266,0.347211182992813,3.22474308673358,0.00126085762780942,0.0153939417062422
"LOC101076826",215.084776120695,1.11932041914544,0.387071783614036,2.89176443887101,0.00383085054772611,0.0343415876944243
"miga2",242.722011889084,1.11928475311418,0.365384161148092,3.06330944832753,0.00218903567438726,0.023090908925212
"oaf",558.021155543456,1.1191580555065,0.338022853831663,3.31089464165001,0.000929982160190872,0.0122915967220994
"rangap1",475.715458541307,1.11842628692166,0.261569238432544,4.27583263851607,1.90424241026195e-05,0.00062861971566455
"LOC101076573",453.035634423144,1.11677320025439,0.230021577736074,4.85508016789525,1.20338049776757e-06,6.84014225982719e-05
"LOC101073419",425.049321164823,1.11660247301403,0.26154836224647,4.26920078345513,1.96174619528279e-05,0.000640215497874989
"LOC101068708",689.534389116552,1.11646800713437,0.334178590217624,3.34093218361864,0.000834976153056097,0.0113491875972393
"LOC101071001",323.50074754598,1.11529249973468,0.302481204869151,3.68714644672596,0.000226782857249034,0.00427327610047959
"atp13a1",685.959129751132,1.11258297168275,0.255956583153627,4.34676443158709,1.38160463095202e-05,0.000490012915184346
"osbp2",442.788846638258,1.11157189342733,0.25613295453284,4.33982380539328,1.42597003904942e-05,0.000502632478240705
"LOC101067016",144.127395286471,1.11126750335797,0.401830956181585,2.76550993959707,0.00568338730049387,0.0450004734318624
"myo6",722.521106997242,1.10806522500878,0.327711133745266,3.38122544798888,0.000721633082254272,0.0102291936333417
"LOC101061569",520.159491623325,1.1069752202666,0.248143284905117,4.46103234544458,8.15657769015814e-06,0.000313234480154932
"sik2",180.70839645691,1.10667009136589,0.327021124928723,3.38409358602476,0.000714136570201022,0.010153131883264
"cd276",249.947574126525,1.10622098520108,0.327567658912591,3.37707632332613,0.00073260718754304,0.010330957851873
"LOC101069090",194.092007080755,1.10600344784568,0.391259313067307,2.8267785862401,0.00470188257886202,0.0393653467311894
"LOC101068292",912.11962725796,1.10564888147645,0.231198279605585,4.7822539309663,1.73340513608293e-06,8.95529013075272e-05
"ermp1",1620.5111253314,1.10553513319021,0.216195331745775,5.11359391649684,3.16086489371213e-07,2.36940640897216e-05
"cirbp",18537.177501415,1.10534844423044,0.189829019853577,5.82286335926426,5.78478497592149e-09,8.1394769587433e-07
"nop14",639.782380930643,1.10280883263543,0.217917200086458,5.06067824016595,4.17767708677713e-07,2.93295994499121e-05
"LOC101076483",124.560281831003,1.10279034514553,0.367071914118724,3.00428963025716,0.0026620178009361,0.0264292640664367
"LOC101078322",3124.09488343407,1.10033042915952,0.281802470405993,3.90461598003125,9.43751244101895e-05,0.0022131740240783
"LOC101078475",540.455413468478,1.09877607525572,0.388719444445861,2.82665580782068,0.00470368553002698,0.0393653467311894
"tmem132e",96.8840980687627,1.09818201135229,0.404023295883972,2.71811557041421,0.00656549010602354,0.0492158455754253
"LOC101076860",1480.72969109652,1.09698553132927,0.21213437771441,5.17118226262275,2.32617538983966e-07,1.8747007860088e-05
"acsbg2",755.397568701777,1.09683907750537,0.23288341679051,4.70982044415824,2.47935118319316e-06,0.000120568108812164
"trib2",226.962979041907,1.09417339508392,0.298026643706691,3.67139454873966,0.00024123060737551,0.00447671849319783
"plk3",435.263664049245,1.09374194775546,0.278349584491207,3.92938236194855,8.51643275730605e-05,0.00205145665843771
"slc27a4",314.86185908188,1.09363191038022,0.31269499362265,3.4974397821667,0.000469746749341454,0.00736853963917533
"pum3",687.807449229392,1.09090753467165,0.219715733268218,4.96508610669188,6.86705953250146e-07,4.28654341581527e-05
"LOC101064414",186.089690805591,1.09003050793361,0.370273201656102,2.94385470797856,0.00324152134880489,0.030607236234095
"phf21a",414.123537218114,1.08848246226268,0.391220493399319,2.78227362990329,0.00539795075400291,0.0434010410506857
"src",260.839035279225,1.08747254961043,0.33002320841372,3.295139620142,0.000983727903704434,0.0127649591132068
"slc5a1",1219.40857601829,1.08704520444185,0.375467672619815,2.89517655902844,0.00378945325094262,0.0341827401501214
"cdc42bpb",580.771134653131,1.08648215754195,0.311965647426521,3.48269806789498,0.000496387866824619,0.0076216405383823
"LOC101064427",549.386400670875,1.08573923531398,0.262983023854123,4.12855255598643,3.65054005225353e-05,0.00104469515639706
"LOC101079876",629.512104230257,1.08560700398956,0.223559453010254,4.85601028885935,1.19774480739917e-06,6.83072669894157e-05
"tmem189",323.63194994893,1.08543600030402,0.34104574979068,3.18266977662151,0.00145923936857604,0.0170868369720165
"LOC101079282",882.260443642798,1.08407424162472,0.213550082797007,5.07644027773663,3.84571600038773e-07,2.73923489056663e-05
"LOC101079760",380.578154407375,1.08217055370006,0.239246329721086,4.52324829794321,6.08977291068225e-06,0.000246549626850876
"cadm3",134.878204277801,1.08157117583435,0.372981887939887,2.89979543459404,0.00373406268769323,0.033849383217971
"LOC101064855",315.795912012901,1.08097694242,0.310198737619858,3.4847883350986,0.000492526487285508,0.00758769891643419
"LOC101076183",455.447288463084,1.08031139216401,0.28526439864618,3.78705298414735,0.000152444602392585,0.00317754746269838
"LOC105419036",171.052956888616,1.07762111269026,0.324258711304266,3.32333743126204,0.000889472504271935,0.0119100507085273
"tmem41b",371.266659435569,1.07743423729145,0.257259996291123,4.18811417563806,2.81282006095502e-05,0.000846508661339803
"emc1",459.967678508919,1.07269593667747,0.262605579015052,4.08481777386756,4.411142067692e-05,0.00120002638247228
"fat1",1298.75337841928,1.07190946867768,0.389242888092149,2.75383186557775,0.00589020192167235,0.0460433543658595
"hspa4",1660.99765952708,1.07175315854471,0.217738988448342,4.92219223659607,8.55800855570299e-07,5.17277376292949e-05
"ripk2",473.963988844537,1.07174069776603,0.316294556485222,3.38842599656344,0.00070294994911322,0.0100613606072421
"stat3",2229.08186466823,1.07121474765311,0.286921675894016,3.7334744554078,0.000188856355786961,0.00374787075542078
"itpk1",768.425307524613,1.06849470243073,0.229959610429788,4.64644508848204,3.37703971013538e-06,0.000153094454982567
"matk",230.500350280505,1.0683276783168,0.276869400994663,3.85859786050315,0.000114039403956111,0.00255895478210537
"srsf5",2009.85670244541,1.06693510383569,0.189562900529498,5.62839617275036,1.81892936243625e-08,2.18347842206858e-06
"LOC101079021",260.871016078387,1.06610623520034,0.26318173332796,4.05083674204632,5.10348067946268e-05,0.0013499155086146
"pik3cb",883.843742023972,1.06438692469471,0.285795948368983,3.72428976257042,0.000195865857873308,0.00382942291145011
"LOC101066463",781.404017021648,1.0629278873917,0.293729418786594,3.61873145625892,0.000296050649356123,0.00524120183261646
"creg1",812.711641332525,1.06244680053054,0.203730432284149,5.21496365868754,1.83853276157634e-07,1.53952455537656e-05
"LOC101068453",638.87122428867,1.06237383088156,0.261059696853759,4.06946703641,4.71208056669846e-05,0.0012658462442558
"pkn2",307.029157363316,1.06191789652959,0.336291951730047,3.15772616937925,0.00159004840197214,0.0182884392336387
"gnptab",190.073684836502,1.06103088687701,0.377568394041173,2.81016871015245,0.00495155365491967,0.0408057465388147
"gpatch4",188.372616100759,1.05818251982407,0.320661749504944,3.29999609076465,0.000966861752709193,0.012640631262
"LOC101075807",200.946829963626,1.05795256713403,0.327212900356974,3.23322389178379,0.00122401592733269,0.0150100602961807
"LOC101064679",701.277212725563,1.05716049473097,0.378715226949641,2.79143910649133,0.00524742302950981,0.0425093269110738
"LOC101067523",263.390540749323,1.05651126410502,0.292634483196005,3.6103443878737,0.000305790717697972,0.00536180128703103
"tgoln2",1414.78657143414,1.05647564222418,0.296669559278056,3.56111912794527,0.000369277481928469,0.00614841634799621
"LOC101062014",310.555711644668,1.05443536130733,0.270514057773234,3.89789488201476,9.70325165897904e-05,0.00226312524426677
"ist1",1042.51127574148,1.05382531063722,0.257573840485838,4.09135224543565,4.28865150036115e-05,0.0011741465973716
"LOC101070502",286.304596072201,1.05371987753959,0.277334413941443,3.79945590799298,0.000145014108460561,0.00305754348768761
"sema4b",291.887665428388,1.05335336392187,0.33657781522639,3.12959831655381,0.00175045484425421,0.0195772048131986
"LOC105416530",1132.21003034195,1.05312725212541,0.355128367326434,2.96548332664558,0.00302207726333931,0.029226466649286
"LOC101077055",705.510042800416,1.05065088770397,0.310116855631065,3.3879193233982,0.000704249758884196,0.0100613606072421
"nf1",574.754924691465,1.05038598427959,0.310977844423943,3.37768752055418,0.000730980941709913,0.010319094445224
"LOC101076056",759.805337958232,1.05032348087221,0.23025701075889,4.56152660633661,5.07830396355581e-06,0.000213662171172547
"LOC101078125",462.759977023954,1.05012565385942,0.257708911432035,4.07485192508125,4.60436348701222e-05,0.00124274376757943
"LOC101068902",335.166531918042,1.04984283564806,0.320138555960375,3.27933894903308,0.0010405058106046,0.0132797938623335
"rsf1",280.679615044205,1.04942337809243,0.288581704684988,3.63648617031343,0.000276382474513745,0.0049940858500031
"srgap1",211.867028114773,1.0488994236206,0.344608782514074,3.04373967479417,0.00233657235608589,0.0240898504892315
"ankrd52",724.155159362106,1.04756362341455,0.261063161633013,4.01268266599463,6.00325917484964e-05,0.00154965333827773
"pwp1",299.536025698359,1.04704252750325,0.260976361282252,4.01202056139809,6.0201255148092e-05,0.00155167379260082
"irf6",183.6283614766,1.04628063735544,0.312835581724168,3.34450650270966,0.000824290973080022,0.0112506402101533
"tgm1",398.732998330052,1.04587157363669,0.24201950086674,4.32143513184319,1.55017627185352e-05,0.000539763202487577
"LOC101077300",464.848547612334,1.04580814005651,0.273396524725153,3.82524299132135,0.000130643163855067,0.00282695517710189
"adprhl2",157.435409786137,1.0446482448074,0.314729746694061,3.31919132455844,0.000902785521921351,0.0120226658411962
"gnl3",731.031050285704,1.04440750644887,0.20817454097877,5.0169799896683,5.24900323423317e-07,3.51970271557994e-05
"LOC105416294",177.034864433551,1.04245144065,0.330375243310974,3.15535580149016,0.00160302484578058,0.0183940671809288
"dnajc2",589.687371803289,1.04170407034464,0.220077146698602,4.73335866977259,2.20834748755049e-06,0.00010987968977186
"LOC101067268",550.426118012449,1.04124623442051,0.286604809915046,3.63303824080675,0.000280103486749319,0.00504010110433837
"LOC101061385",127.39308303719,1.04100718827315,0.364122477384741,2.85894788959484,0.00425048601710245,0.0367761305290225
"mospd2",760.689949864608,1.03906709417747,0.324698801724644,3.20009525338081,0.0013738217601229,0.0163727689778775
"shroom4",246.506329607974,1.03883336406523,0.294452831202269,3.52801282237162,0.000418691874502361,0.00676130265071263
"peak1",569.074266705762,1.03825580473996,0.354487912258985,2.92888916331066,0.00340175699492312,0.0317880024903921
"LOC101063127",861.274236772303,1.03677012929994,0.297549272687006,3.48436452200819,0.000493307131972481,0.00758791239017886
"acadvl",1601.8637903385,1.03662672162814,0.195387617424946,5.30548831747918,1.12371765168614e-07,1.01524932678128e-05
"cul9",1119.30509534388,1.03372456411823,0.245490174625524,4.21085921542522,2.54401256142122e-05,0.000785441000527996
"dgkq",190.901489561937,1.03372438424749,0.359876791089791,2.87243970670387,0.00407315794782559,0.0357463340145062
"LOC101063100",168.086110815295,1.03152221699904,0.307249982607431,3.35727347564086,0.000787152140292545,0.0108969787421466
"ctnna1",2482.64125780408,1.03048359425647,0.214333070279359,4.80786092838287,1.52553828014652e-06,8.1629102120245e-05
"LOC105416984",539.713151126932,1.02997035897002,0.330517728589589,3.11623332087264,0.00183177277058475,0.0202473994718981
"akap1",505.335151832192,1.02992182710713,0.231560495262536,4.44774410220292,8.67768202384751e-06,0.000330347232605412
"dock4",337.68716042365,1.02927597721043,0.324079538283891,3.1759980363487,0.00149321961984376,0.0174134565178248
"uba1",3644.90183776265,1.02833954017571,0.209884290390692,4.89955459868625,9.6054155832411e-07,5.64767552708907e-05
"LOC101075888",818.820794740653,1.02802844556031,0.214675517596474,4.78875494080653,1.67819265999539e-06,8.75618699133155e-05
"LOC101072872",1100.99914447597,1.02790904458862,0.221378934359897,4.64321073529764,3.43036144185471e-06,0.000154150744792874
"mapk6",1844.65694558169,1.02743063176737,0.312172372098386,3.29122857625454,0.000997508255104094,0.0129134439721847
"trip12",2622.22161369147,1.0273864373683,0.275548222528583,3.72851774524413,0.000192609348017015,0.00377866522064009
"amd1",980.725074807872,1.02704775908032,0.198673602385512,5.16952301034645,2.34692237872738e-07,1.88258268940347e-05
"LOC101076035",376.4037218577,1.0268486442454,0.311276376827788,3.29883255102745,0.000970878064071647,0.0126705588841537
"LOC101065748",805.464989697371,1.02675111150516,0.268466263017211,3.82450703476038,0.00013103400488248,0.00282934556957566
"LOC101071818",1185.04249264613,1.0259220594598,0.211514615813404,4.8503601300293,1.23237512476499e-06,6.95886558938023e-05
"LOC101067386",260.09744296081,1.02591010175825,0.326710707374423,3.14011778188377,0.001688799216295,0.0191417628534911
"bms1",379.605167772445,1.02500142063875,0.249168149676718,4.11369359193232,3.89378203856773e-05,0.00109227453548297
"dpp3",579.845514163674,1.02477420833034,0.216646121731545,4.73017564376332,2.24325668534527e-06,0.00011097332639953
"ugdh",437.418322046004,1.02418610806979,0.285407071936197,3.58850991715702,0.000332573344886809,0.00570325078753942
"atp6v1a",1102.53490819288,1.02312942754727,0.229041134776589,4.46701169440699,7.9319795420616e-06,0.000305978338919167
"il6st",950.005574400063,1.02112448994104,0.213723026562666,4.77779351323962,1.77229238274382e-06,9.0545151911251e-05
"carm1",398.78560678984,1.02072331998742,0.254225849084455,4.01502570908254,5.94393152909998e-05,0.00153664952753811
"LOC101065862",136.459857514151,1.0178661531977,0.330594954091272,3.07889198126323,0.00207772000510433,0.0222496204663886
"LOC101064018",768.908694177682,1.0166024852247,0.21561866883959,4.71481662833659,2.41928525728045e-06,0.000117981394109307
"rnf19b",153.135968857791,1.01544240682182,0.36023823050941,2.81880800209876,0.00482023409699936,0.0401475684178025
"pdgfra",643.312492884562,1.01543873004141,0.28467693647543,3.56698629194728,0.000361110362769871,0.00604148842599086
"arhgef28",721.506122399183,1.0130937765922,0.21641875139376,4.68117374334601,2.85237063187002e-06,0.000133914091530014
"lrp6",545.834227399713,1.01280869249943,0.327845647303005,3.08928515852265,0.00200638760532161,0.0216047840111818
"LOC101061495",448.903018576681,1.01212749811364,0.312388872077223,3.23996015409743,0.00119546403833286,0.0147741797566752
"psmd2",1629.01290958016,1.01078606376148,0.208459140516039,4.8488450123093,1.24182396444685e-06,6.96638894565186e-05
"LOC105418765",2388.33345292139,1.00965245431832,0.238920794441591,4.22588773270277,2.38000634706804e-05,0.000748263533951832
"calcrl",213.200375532249,1.00912579446098,0.324825115088675,3.10667416891548,0.0018920481543457,0.0207003815280423
"ipo4",288.43347554309,1.00910919369367,0.263817646710576,3.82502537747494,0.000130758616487178,0.00282695517710189
"midn",349.415980002191,1.00884452300632,0.302293633155829,3.33729993739655,0.000845966009697677,0.0114616042008448
"kpna4",827.514635362169,1.00758607281816,0.215247174186658,4.68106527588791,2.8538804273645e-06,0.000133914091530014
"pag1",836.197233144877,1.00526485374334,0.319991395971365,3.1415371363088,0.00168063493871778,0.0190805419034586
"LOC115247960",159.843742174456,1.00518126723225,0.355114328363705,2.83058493264388,0.00464629733961963,0.0390777100501744
"LOC101065064",354.277213229317,1.00499452981801,0.328226906795106,3.06188953133381,0.00219944607356502,0.023134614766432
"LOC101065972",2055.5219473159,1.00482598796071,0.219144258165168,4.58522617190077,4.53495261893602e-06,0.000194617491641639
"ncor2",1865.92553238934,1.00464289605034,0.314458599600578,3.19483358803489,0.00139911488937637,0.0165521751833458
"heatr3",442.757939853511,1.00416663418065,0.239414669418829,4.19425692092398,2.73767549796876e-05,0.000830299250850385
"LOC101073588",553.781653965625,1.00414219089275,0.232765038454213,4.31397342814555,1.60346227446685e-05,0.00055050066806996
"oat",3162.91439930141,1.00412661330585,0.317380490719909,3.16379438140073,0.001557267733598,0.0179892718135554
"ncl",10066.2108438802,1.00408607958278,0.183192802884679,5.48103453722935,4.2284591910593e-08,4.48060064652617e-06
"kif5b",1590.07450963456,1.00405081909439,0.297327435915261,3.37691950964306,0.000733024971663828,0.010330957851873
"rab8b",713.533114701075,1.00290164114842,0.285334403695453,3.51482901521701,0.000440037208985101,0.00701362927524443
"iffo2",157.037278159608,1.00284009806164,0.312955516270901,3.20441738816822,0.00135336122731412,0.0161781328886311
"LOC101079091",264.751101201877,1.00257492060057,0.280743872022303,3.57113732662676,0.000355434464262257,0.00597589423459932
"LOC101062194",3314.10788772555,1.00227721578179,0.176321588223162,5.68437039322295,1.31295447629507e-08,1.64512237518841e-06
"LOC101063101",170.785718867912,1.00202687235181,0.315365288710281,3.17735308299052,0.00148625970880891,0.0173440748887924
"LOC101071220",892.94908295632,1.00129088105607,0.280263376266251,3.57267829423723,0.000353348746755022,0.00595833456463332
"LOC101072423",2399.93801491451,1.00101026088993,0.276648135257149,3.618351737522,0.000296485269826101,0.00524146873515433
"pdxdc1",373.678537835868,1.00065054359017,0.264784786120466,3.77910890671384,0.000157390581196431,0.00323952843743159
